{
  "results": [
    {
      "command": "~/local_install/cpython310/bin/python3 fasta/fasta.python3-5.python3  2500000 > /dev/null",
      "mean": 3.49046264984,
      "stddev": 0.019063311869068643,
      "median": 3.4821423926399997,
      "user": 5.214663659999999,
      "system": 0.8937946999999999,
      "min": 3.4752604686399997,
      "max": 3.52234203864,
      "times": [
        3.49342881264,
        3.47913953664,
        3.52234203864,
        3.4821423926399997,
        3.4752604686399997
      ],
      "exit_codes": [
        0,
        0,
        0,
        0,
        0
      ],
      "parameters": {
        "N": "2500000",
        "python_version": "310"
      }
    },
    {
      "command": "~/local_install/cpython310/bin/python3 fasta/fasta.python3-5.python3  25000000 > /dev/null",
      "mean": 33.46677516004,
      "stddev": 0.08349373595804567,
      "median": 33.49016143264,
      "user": 51.19208225999999,
      "system": 7.633271099999999,
      "min": 33.348182014639995,
      "max": 33.566985438639996,
      "times": [
        33.566985438639996,
        33.50439170064,
        33.49016143264,
        33.348182014639995,
        33.42415521364
      ],
      "exit_codes": [
        0,
        0,
        0,
        0,
        0
      ],
      "parameters": {
        "N": "25000000",
        "python_version": "310"
      }
    },
    {
      "command": "~/local_install/cpython311/bin/python3 fasta/fasta.python3-5.python3  2500000 > /dev/null",
      "mean": 3.08914320924,
      "stddev": 0.017196888762264405,
      "median": 3.0824082806399997,
      "user": 4.59324946,
      "system": 0.8887343000000001,
      "min": 3.07810587464,
      "max": 3.1196883616399997,
      "times": [
        3.0824082806399997,
        3.08199183664,
        3.0835216926399998,
        3.1196883616399997,
        3.07810587464
      ],
      "exit_codes": [
        0,
        0,
        0,
        0,
        0
      ],
      "parameters": {
        "N": "2500000",
        "python_version": "311"
      }
    },
    {
      "command": "~/local_install/cpython311/bin/python3 fasta/fasta.python3-5.python3  25000000 > /dev/null",
      "mean": 29.73970486164,
      "stddev": 0.019462694611598812,
      "median": 29.74270512264,
      "user": 45.15880006,
      "system": 7.407615699999999,
      "min": 29.71425210264,
      "max": 29.760235347640002,
      "times": [
        29.75541363864,
        29.760235347640002,
        29.74270512264,
        29.71425210264,
        29.72591809664
      ],
      "exit_codes": [
        0,
        0,
        0,
        0,
        0
      ],
      "parameters": {
        "N": "25000000",
        "python_version": "311"
      }
    },
    {
      "command": "~/local_install/cpython312/bin/python3 fasta/fasta.python3-5.python3  2500000 > /dev/null",
      "mean": 3.03065479264,
      "stddev": 0.009624292073509158,
      "median": 3.0273812096399997,
      "user": 4.374867459999999,
      "system": 0.8662338999999999,
      "min": 3.02089870364,
      "max": 3.04647846064,
      "times": [
        3.02698637464,
        3.0273812096399997,
        3.02089870364,
        3.03152921464,
        3.04647846064
      ],
      "exit_codes": [
        0,
        0,
        0,
        0,
        0
      ],
      "parameters": {
        "N": "2500000",
        "python_version": "312"
      }
    },
    {
      "command": "~/local_install/cpython312/bin/python3 fasta/fasta.python3-5.python3  25000000 > /dev/null",
      "mean": 29.13708827104,
      "stddev": 0.04442628707520128,
      "median": 29.15994848764,
      "user": 42.79391025999999,
      "system": 7.414532899999999,
      "min": 29.07263076764,
      "max": 29.175025316640003,
      "times": [
        29.07263076764,
        29.168679965640003,
        29.15994848764,
        29.175025316640003,
        29.109156817640002
      ],
      "exit_codes": [
        0,
        0,
        0,
        0,
        0
      ],
      "parameters": {
        "N": "25000000",
        "python_version": "312"
      }
    }
  ]
}
