{
  "results": [
    {
      "command": "~/local_install/cpython310/bin/python3 fasta/fasta.python3-5.python3  2500000 > /dev/null",
      "mean": 3.496215043880001,
      "stddev": 0.0196616936703718,
      "median": 3.49151280428,
      "user": 5.23355838,
      "system": 0.87872638,
      "min": 3.48016184128,
      "max": 3.5282032472800005,
      "times": [
        3.4811070932800003,
        3.49151280428,
        3.5282032472800005,
        3.48016184128,
        3.5000902332800004
      ],
      "exit_codes": [
        0,
        0,
        0,
        0,
        0
      ],
      "parameters": {
        "N": "2500000",
        "python_version": "310"
      }
    },
    {
      "command": "~/local_install/cpython310/bin/python3 fasta/fasta.python3-5.python3  25000000 > /dev/null",
      "mean": 33.40456752867999,
      "stddev": 0.0982760495689857,
      "median": 33.367859542279994,
      "user": 51.17780798,
      "system": 7.594227579999999,
      "min": 33.32055717228,
      "max": 33.55656000128,
      "times": [
        33.367859542279994,
        33.331325064279994,
        33.55656000128,
        33.32055717228,
        33.44653586328
      ],
      "exit_codes": [
        0,
        0,
        0,
        0,
        0
      ],
      "parameters": {
        "N": "25000000",
        "python_version": "310"
      }
    },
    {
      "command": "~/local_install/cpython311/bin/python3 fasta/fasta.python3-5.python3  2500000 > /dev/null",
      "mean": 3.1014669412800004,
      "stddev": 0.006701664874398266,
      "median": 3.0984347802800003,
      "user": 4.638343180000001,
      "system": 0.8532007799999999,
      "min": 3.0956353352800003,
      "max": 3.1120289112800004,
      "times": [
        3.10404205228,
        3.1120289112800004,
        3.0984347802800003,
        3.0956353352800003,
        3.0971936272800002
      ],
      "exit_codes": [
        0,
        0,
        0,
        0,
        0
      ],
      "parameters": {
        "N": "2500000",
        "python_version": "311"
      }
    },
    {
      "command": "~/local_install/cpython311/bin/python3 fasta/fasta.python3-5.python3  25000000 > /dev/null",
      "mean": 29.897298220879996,
      "stddev": 0.1773918317633614,
      "median": 29.85864269328,
      "user": 45.314464779999994,
      "system": 7.50074478,
      "min": 29.72466048528,
      "max": 30.12622098228,
      "times": [
        30.12622098228,
        29.72466048528,
        30.03341859528,
        29.74354834828,
        29.85864269328
      ],
      "exit_codes": [
        0,
        0,
        0,
        0,
        0
      ],
      "parameters": {
        "N": "25000000",
        "python_version": "311"
      }
    },
    {
      "command": "~/local_install/cpython312/bin/python3 fasta/fasta.python3-5.python3  2500000 > /dev/null",
      "mean": 3.02450765488,
      "stddev": 0.005806873170178071,
      "median": 3.02584786328,
      "user": 4.375972580000001,
      "system": 0.84553458,
      "min": 3.0165845042800004,
      "max": 3.0318790362800003,
      "times": [
        3.0165845042800004,
        3.02131535128,
        3.02691151928,
        3.0318790362800003,
        3.02584786328
      ],
      "exit_codes": [
        0,
        0,
        0,
        0,
        0
      ],
      "parameters": {
        "N": "2500000",
        "python_version": "312"
      }
    },
    {
      "command": "~/local_install/cpython312/bin/python3 fasta/fasta.python3-5.python3  25000000 > /dev/null",
      "mean": 29.160218287279996,
      "stddev": 0.052980394982443633,
      "median": 29.18571996728,
      "user": 42.77372198,
      "system": 7.486145979999999,
      "min": 29.06922176128,
      "max": 29.19953009728,
      "times": [
        29.19953009728,
        29.15901310128,
        29.18571996728,
        29.06922176128,
        29.187606509280002
      ],
      "exit_codes": [
        0,
        0,
        0,
        0,
        0
      ],
      "parameters": {
        "N": "25000000",
        "python_version": "312"
      }
    }
  ]
}
