{
  "results": [
    {
      "command": "~/local_install/cpython310/bin/python3 nbody/nbody.python3  500000 > /dev/null",
      "mean": 3.89486021432,
      "stddev": 0.05021663453668586,
      "median": 3.89889599932,
      "user": 3.8928601599999992,
      "system": 0.002176044,
      "min": 3.84055489732,
      "max": 3.9482429753200003,
      "times": [
        3.9482429753200003,
        3.89889599932,
        3.84055489732,
        3.84711420032,
        3.93949299932
      ],
      "exit_codes": [
        0,
        0,
        0,
        0,
        0
      ],
      "parameters": {
        "N": "500000",
        "python_version": "310"
      }
    },
    {
      "command": "~/local_install/cpython310/bin/python3 nbody/nbody.python3  5000000 > /dev/null",
      "mean": 39.30549560832,
      "stddev": 0.29032815157620384,
      "median": 39.32385034932,
      "user": 39.30239915999999,
      "system": 0.002307644,
      "min": 38.926045342319995,
      "max": 39.69176810632,
      "times": [
        39.14573552332,
        38.926045342319995,
        39.440078720319995,
        39.69176810632,
        39.32385034932
      ],
      "exit_codes": [
        0,
        0,
        0,
        0,
        0
      ],
      "parameters": {
        "N": "5000000",
        "python_version": "310"
      }
    },
    {
      "command": "~/local_install/cpython311/bin/python3 nbody/nbody.python3  500000 > /dev/null",
      "mean": 2.4221681465200002,
      "stddev": 0.012601666737751137,
      "median": 2.41865048532,
      "user": 2.42077996,
      "system": 0.001684696,
      "min": 2.4113143913200004,
      "max": 2.44400847232,
      "times": [
        2.41817106932,
        2.41865048532,
        2.44400847232,
        2.4113143913200004,
        2.41869631432
      ],
      "exit_codes": [
        0,
        0,
        0,
        0,
        0
      ],
      "parameters": {
        "N": "500000",
        "python_version": "311"
      }
    },
    {
      "command": "~/local_install/cpython311/bin/python3 nbody/nbody.python3  5000000 > /dev/null",
      "mean": 24.20108058092,
      "stddev": 0.12451991270491307,
      "median": 24.17149996232,
      "user": 24.19600476,
      "system": 0.004701044,
      "min": 24.07217929632,
      "max": 24.40713360532,
      "times": [
        24.19898517732,
        24.17149996232,
        24.40713360532,
        24.15560486332,
        24.07217929632
      ],
      "exit_codes": [
        0,
        0,
        0,
        0,
        0
      ],
      "parameters": {
        "N": "5000000",
        "python_version": "311"
      }
    },
    {
      "command": "~/local_install/cpython312/bin/python3 nbody/nbody.python3  500000 > /dev/null",
      "mean": 2.29942906172,
      "stddev": 0.07081997149167198,
      "median": 2.27551244132,
      "user": 2.2982531599999994,
      "system": 0.001450896,
      "min": 2.21531228532,
      "max": 2.39820471232,
      "times": [
        2.39820471232,
        2.27551244132,
        2.26790026232,
        2.3402156073200002,
        2.21531228532
      ],
      "exit_codes": [
        0,
        0,
        0,
        0,
        0
      ],
      "parameters": {
        "N": "500000",
        "python_version": "312"
      }
    },
    {
      "command": "~/local_install/cpython312/bin/python3 nbody/nbody.python3  5000000 > /dev/null",
      "mean": 22.392680369919997,
      "stddev": 0.3634754856163882,
      "median": 22.38246208132,
      "user": 22.38978436,
      "system": 0.002382096,
      "min": 22.02505282232,
      "max": 22.83037584232,
      "times": [
        22.02505282232,
        22.38246208132,
        22.67885282432,
        22.83037584232,
        22.04665827932
      ],
      "exit_codes": [
        0,
        0,
        0,
        0,
        0
      ],
      "parameters": {
        "N": "5000000",
        "python_version": "312"
      }
    }
  ]
}
