{
  "results": [
    {
      "command": "~/local_install/cpython310/bin/python3 regexredux/regexredux.python3  500000 > /dev/null",
      "mean": 0.0456604244,
      "stddev": 0.0013800848239197837,
      "median": 0.045070980600000005,
      "user": 0.041620779999999996,
      "system": 0.02258148,
      "min": 0.044610106600000005,
      "max": 0.048057789600000005,
      "times": [
        0.0450231816,
        0.045070980600000005,
        0.04554006360000001,
        0.044610106600000005,
        0.048057789600000005
      ],
      "exit_codes": [
        0,
        0,
        0,
        0,
        0
      ],
      "parameters": {
        "N": "500000",
        "python_version": "310"
      }
    },
    {
      "command": "~/local_install/cpython310/bin/python3 regexredux/regexredux.python3  5000000 > /dev/null",
      "mean": 0.045247368,
      "stddev": 0.0003688404164497152,
      "median": 0.045347002600000005,
      "user": 0.05061338,
      "system": 0.013178479999999998,
      "min": 0.04470777460000001,
      "max": 0.045643474600000004,
      "times": [
        0.045347002600000005,
        0.045475719600000006,
        0.045643474600000004,
        0.04506286860000001,
        0.04470777460000001
      ],
      "exit_codes": [
        0,
        0,
        0,
        0,
        0
      ],
      "parameters": {
        "N": "5000000",
        "python_version": "310"
      }
    },
    {
      "command": "~/local_install/cpython311/bin/python3 regexredux/regexredux.python3  500000 > /dev/null",
      "mean": 0.047044969400000004,
      "stddev": 0.0011628426547141697,
      "median": 0.04631865860000001,
      "user": 0.04900538,
      "system": 0.016833079999999997,
      "min": 0.04613722160000001,
      "max": 0.048751865600000006,
      "times": [
        0.0477639086,
        0.04613722160000001,
        0.04631865860000001,
        0.048751865600000006,
        0.04625319260000001
      ],
      "exit_codes": [
        0,
        0,
        0,
        0,
        0
      ],
      "parameters": {
        "N": "500000",
        "python_version": "311"
      }
    },
    {
      "command": "~/local_install/cpython311/bin/python3 regexredux/regexredux.python3  5000000 > /dev/null",
      "mean": 0.04606972420000001,
      "stddev": 0.00011320338065755815,
      "median": 0.04609806760000001,
      "user": 0.04936138,
      "system": 0.015434880000000002,
      "min": 0.0459311446,
      "max": 0.0461791806,
      "times": [
        0.04609806760000001,
        0.0461791806,
        0.0461682756,
        0.0459311446,
        0.045971952600000004
      ],
      "exit_codes": [
        0,
        0,
        0,
        0,
        0
      ],
      "parameters": {
        "N": "5000000",
        "python_version": "311"
      }
    },
    {
      "command": "~/local_install/cpython312/bin/python3 regexredux/regexredux.python3  500000 > /dev/null",
      "mean": 0.05031601300000001,
      "stddev": 0.0011864252281047047,
      "median": 0.049859309600000006,
      "user": 0.048434979999999996,
      "system": 0.01942948,
      "min": 0.04940572260000001,
      "max": 0.05237903260000001,
      "times": [
        0.04940572260000001,
        0.05018587260000001,
        0.049859309600000006,
        0.049750127600000006,
        0.05237903260000001
      ],
      "exit_codes": [
        0,
        0,
        0,
        0,
        0
      ],
      "parameters": {
        "N": "500000",
        "python_version": "312"
      }
    },
    {
      "command": "~/local_install/cpython312/bin/python3 regexredux/regexredux.python3  5000000 > /dev/null",
      "mean": 0.050509370399999996,
      "stddev": 0.0012227388784091236,
      "median": 0.049991984600000004,
      "user": 0.04927617999999999,
      "system": 0.01883948,
      "min": 0.0493215716,
      "max": 0.0519595506,
      "times": [
        0.0519595506,
        0.049991984600000004,
        0.05167761060000001,
        0.0493215716,
        0.0495961346
      ],
      "exit_codes": [
        0,
        0,
        0,
        0,
        0
      ],
      "parameters": {
        "N": "5000000",
        "python_version": "312"
      }
    }
  ]
}
