{
  "results": [
    {
      "command": "~/local_install/cpython310/bin/python3 revcomp/revcomp.python3-5.python3  250000 > /dev/null",
      "mean": 0.03624217368,
      "stddev": 0.00022440625556387604,
      "median": 0.03623348148,
      "user": 0.030890199999999996,
      "system": 0.00538228,
      "min": 0.03601566348,
      "max": 0.03656086748,
      "times": [
        0.03623348148,
        0.03605042948000001,
        0.03635042648,
        0.03601566348,
        0.03656086748
      ],
      "exit_codes": [
        0,
        0,
        0,
        0,
        0
      ],
      "parameters": {
        "N": "250000",
        "python_version": "310"
      }
    },
    {
      "command": "~/local_install/cpython310/bin/python3 revcomp/revcomp.python3-5.python3  100000001 > /dev/null",
      "mean": 0.036357040480000005,
      "stddev": 0.0001844508762435121,
      "median": 0.036243469480000005,
      "user": 0.031643199999999996,
      "system": 0.00472508,
      "min": 0.036196259480000006,
      "max": 0.03658616748,
      "times": [
        0.036196259480000006,
        0.03623163648,
        0.036527669480000004,
        0.036243469480000005,
        0.03658616748
      ],
      "exit_codes": [
        0,
        0,
        0,
        0,
        0
      ],
      "parameters": {
        "N": "100000001",
        "python_version": "310"
      }
    },
    {
      "command": "~/local_install/cpython311/bin/python3 revcomp/revcomp.python3-5.python3  250000 > /dev/null",
      "mean": 0.03616682628,
      "stddev": 0.00010565586425608294,
      "median": 0.036168764480000004,
      "user": 0.031894399999999996,
      "system": 0.004406224,
      "min": 0.03603522948000001,
      "max": 0.03628591148,
      "times": [
        0.03628591148,
        0.03609119948,
        0.036253026480000006,
        0.036168764480000004,
        0.03603522948000001
      ],
      "exit_codes": [
        0,
        0,
        0,
        0,
        0
      ],
      "parameters": {
        "N": "250000",
        "python_version": "311"
      }
    },
    {
      "command": "~/local_install/cpython311/bin/python3 revcomp/revcomp.python3-5.python3  100000001 > /dev/null",
      "mean": 0.03620197848,
      "stddev": 0.00006671717609056832,
      "median": 0.03621580848000001,
      "user": 0.030287799999999997,
      "system": 0.006010224,
      "min": 0.036114845480000005,
      "max": 0.03629474448,
      "times": [
        0.036114845480000005,
        0.036167484480000005,
        0.036217009480000006,
        0.03621580848000001,
        0.03629474448
      ],
      "exit_codes": [
        0,
        0,
        0,
        0,
        0
      ],
      "parameters": {
        "N": "100000001",
        "python_version": "311"
      }
    },
    {
      "command": "~/local_install/cpython312/bin/python3 revcomp/revcomp.python3-5.python3  250000 > /dev/null",
      "mean": 0.04015421368000001,
      "stddev": 0.00017898237171911762,
      "median": 0.040158287480000006,
      "user": 0.031029799999999996,
      "system": 0.00916788,
      "min": 0.03993101948,
      "max": 0.04041573448000001,
      "times": [
        0.040158287480000006,
        0.04020014948,
        0.03993101948,
        0.04041573448000001,
        0.040065877480000005
      ],
      "exit_codes": [
        0,
        0,
        0,
        0,
        0
      ],
      "parameters": {
        "N": "250000",
        "python_version": "312"
      }
    },
    {
      "command": "~/local_install/cpython312/bin/python3 revcomp/revcomp.python3-5.python3  100000001 > /dev/null",
      "mean": 0.04056319028000001,
      "stddev": 0.0002681979390267546,
      "median": 0.040443580480000005,
      "user": 0.0317294,
      "system": 0.008885279999999999,
      "min": 0.04038223648000001,
      "max": 0.04102161748,
      "times": [
        0.04038924848000001,
        0.04102161748,
        0.04038223648000001,
        0.040443580480000005,
        0.04057926848000001
      ],
      "exit_codes": [
        0,
        0,
        0,
        0,
        0
      ],
      "parameters": {
        "N": "100000001",
        "python_version": "312"
      }
    }
  ]
}
