{
  "results": [
    {
      "command": "~/local_install/cpython310/bin/python3 simple/simple.python3  1000 > /dev/null",
      "mean": 11.70979494046,
      "stddev": 0.5065990862587824,
      "median": 11.57388519026,
      "user": 11.707625519999999,
      "system": 0.0022576560000000002,
      "min": 11.20060580626,
      "max": 12.47493003026,
      "times": [
        11.20060580626,
        11.37032250226,
        12.47493003026,
        11.57388519026,
        11.92923117326
      ],
      "exit_codes": [
        0,
        0,
        0,
        0,
        0
      ],
      "parameters": {
        "N": "1000",
        "python_version": "310"
      }
    },
    {
      "command": "~/local_install/cpython310/bin/python3 simple/simple.python3  2000 > /dev/null",
      "mean": 45.92388997666,
      "stddev": 1.1462578042772282,
      "median": 45.53889552326,
      "user": 45.918057520000005,
      "system": 0.004765912,
      "min": 44.78667734026,
      "max": 47.57544999426,
      "times": [
        45.12500035426,
        44.78667734026,
        47.57544999426,
        45.53889552326,
        46.59342667126
      ],
      "exit_codes": [
        0,
        0,
        0,
        0,
        0
      ],
      "parameters": {
        "N": "2000",
        "python_version": "310"
      }
    },
    {
      "command": "~/local_install/cpython311/bin/python3 simple/simple.python3  1000 > /dev/null",
      "mean": 10.000312468059999,
      "stddev": 0.19109699662523916,
      "median": 10.029722014259999,
      "user": 9.998113720000001,
      "system": 0.0021863840000000004,
      "min": 9.74976948426,
      "max": 10.229381201259999,
      "times": [
        9.74976948426,
        10.029722014259999,
        10.11867954826,
        9.87401009226,
        10.229381201259999
      ],
      "exit_codes": [
        0,
        0,
        0,
        0,
        0
      ],
      "parameters": {
        "N": "1000",
        "python_version": "311"
      }
    },
    {
      "command": "~/local_install/cpython311/bin/python3 simple/simple.python3  2000 > /dev/null",
      "mean": 40.59423983506001,
      "stddev": 1.464067038605614,
      "median": 40.23918979826,
      "user": 40.58908672,
      "system": 0.0045153120000000005,
      "min": 39.25329959126,
      "max": 42.71811648826,
      "times": [
        39.25329959126,
        39.36851789426,
        42.71811648826,
        40.23918979826,
        41.39207540326
      ],
      "exit_codes": [
        0,
        0,
        0,
        0,
        0
      ],
      "parameters": {
        "N": "2000",
        "python_version": "311"
      }
    },
    {
      "command": "~/local_install/cpython312/bin/python3 simple/simple.python3  1000 > /dev/null",
      "mean": 9.23978389146,
      "stddev": 0.23411470196842177,
      "median": 9.12863419126,
      "user": 9.237397919999998,
      "system": 0.002447584,
      "min": 9.02757091826,
      "max": 9.53702170826,
      "times": [
        9.061589164259999,
        9.53702170826,
        9.44410347526,
        9.02757091826,
        9.12863419126
      ],
      "exit_codes": [
        0,
        0,
        0,
        0,
        0
      ],
      "parameters": {
        "N": "1000",
        "python_version": "312"
      }
    },
    {
      "command": "~/local_install/cpython312/bin/python3 simple/simple.python3  2000 > /dev/null",
      "mean": 36.86098292326,
      "stddev": 0.9613266508164543,
      "median": 36.80731582026,
      "user": 36.85537172,
      "system": 0.0047029839999999995,
      "min": 35.81873813226,
      "max": 37.90890032426,
      "times": [
        35.81873813226,
        36.80731582026,
        37.90890032426,
        36.01660273426,
        37.75335760526
      ],
      "exit_codes": [
        0,
        0,
        0,
        0,
        0
      ],
      "parameters": {
        "N": "2000",
        "python_version": "312"
      }
    }
  ]
}
