{
  "results": [
    {
      "command": "~/local_install/cpython310/bin/python3 toosimple/toosimple.python3-3.python3  10000000 > /dev/null",
      "mean": 1.16274154432,
      "stddev": 0.004415939979472182,
      "median": 1.16432736832,
      "user": 1.1597574800000001,
      "system": 0.0030564599999999996,
      "min": 1.15599262732,
      "max": 1.16680752732,
      "times": [
        1.16432736832,
        1.16680752732,
        1.16582044932,
        1.15599262732,
        1.16075974932
      ],
      "exit_codes": [
        0,
        0,
        0,
        0,
        0
      ],
      "parameters": {
        "N": "10000000",
        "python_version": "310"
      }
    },
    {
      "command": "~/local_install/cpython310/bin/python3 toosimple/toosimple.python3-3.python3  100000000 > /dev/null",
      "mean": 11.331754402520001,
      "stddev": 0.19601540976695503,
      "median": 11.41945647732,
      "user": 11.329894880000001,
      "system": 0.0022424640000000004,
      "min": 11.05791541932,
      "max": 11.540695468320001,
      "times": [
        11.05791541932,
        11.20396431532,
        11.436740332320001,
        11.41945647732,
        11.540695468320001
      ],
      "exit_codes": [
        0,
        0,
        0,
        0,
        0
      ],
      "parameters": {
        "N": "100000000",
        "python_version": "310"
      }
    },
    {
      "command": "~/local_install/cpython311/bin/python3 toosimple/toosimple.python3-3.python3  10000000 > /dev/null",
      "mean": 0.9138568205200001,
      "stddev": 0.010016984071694685,
      "median": 0.91839129732,
      "user": 0.9125780800000001,
      "system": 0.001504996,
      "min": 0.8995254033200001,
      "max": 0.9244569233200001,
      "times": [
        0.8995254033200001,
        0.91839129732,
        0.90785505332,
        0.9190554253200001,
        0.9244569233200001
      ],
      "exit_codes": [
        0,
        0,
        0,
        0,
        0
      ],
      "parameters": {
        "N": "10000000",
        "python_version": "311"
      }
    },
    {
      "command": "~/local_install/cpython311/bin/python3 toosimple/toosimple.python3-3.python3  100000000 > /dev/null",
      "mean": 9.07857175192,
      "stddev": 0.13278000090076392,
      "median": 9.170187637320002,
      "user": 9.07674428,
      "system": 0.0022420639999999998,
      "min": 8.90872993132,
      "max": 9.177914039320001,
      "times": [
        8.960332194320001,
        9.177914039320001,
        9.170187637320002,
        9.175694957320001,
        8.90872993132
      ],
      "exit_codes": [
        0,
        0,
        0,
        0,
        0
      ],
      "parameters": {
        "N": "100000000",
        "python_version": "311"
      }
    },
    {
      "command": "~/local_install/cpython312/bin/python3 toosimple/toosimple.python3-3.python3  10000000 > /dev/null",
      "mean": 0.9733013147200001,
      "stddev": 0.009342003114648051,
      "median": 0.9760617033200001,
      "user": 0.97216808,
      "system": 0.001442664,
      "min": 0.9570437033200001,
      "max": 0.98032753632,
      "times": [
        0.98032753632,
        0.9783885303200001,
        0.9570437033200001,
        0.9760617033200001,
        0.9746851003200001
      ],
      "exit_codes": [
        0,
        0,
        0,
        0,
        0
      ],
      "parameters": {
        "N": "10000000",
        "python_version": "312"
      }
    },
    {
      "command": "~/local_install/cpython312/bin/python3 toosimple/toosimple.python3-3.python3  100000000 > /dev/null",
      "mean": 9.614185136920002,
      "stddev": 0.09787889378826944,
      "median": 9.64383256932,
      "user": 9.611333479999999,
      "system": 0.003091196,
      "min": 9.474242373320001,
      "max": 9.708374688320001,
      "times": [
        9.64383256932,
        9.55569182332,
        9.474242373320001,
        9.688784230320001,
        9.708374688320001
      ],
      "exit_codes": [
        0,
        0,
        0,
        0,
        0
      ],
      "parameters": {
        "N": "100000000",
        "python_version": "312"
      }
    }
  ]
}
